               epoch,      train/box_loss,      train/obj_loss,      train/cls_loss,   metrics/precision,      metrics/recall,     metrics/mAP_0.5,metrics/mAP_0.5:0.95,        val/box_loss,        val/obj_loss,        val/cls_loss,               x/lr0,               x/lr1,               x/lr2
                   0,             0.10979,            0.052304,            0.041927,           0.0047418,             0.26766,            0.014584,           0.0039774,            0.050409,            0.036413,            0.020277,              0.0784,              0.0024,              0.0024
                   1,            0.083867,            0.063945,            0.038676,             0.40604,             0.12989,            0.081961,            0.038444,              0.0412,            0.040122,            0.017344,            0.055876,           0.0048757,           0.0048757
                   2,            0.071799,             0.06709,            0.032511,            0.066076,             0.28159,             0.13612,             0.04787,             0.03763,            0.034574,            0.015259,            0.033327,           0.0073267,           0.0073267
                   3,            0.066051,            0.061196,             0.03029,             0.31601,             0.21854,            0.086617,            0.029028,            0.041322,            0.030835,            0.013294,            0.010753,            0.009753,            0.009753
                   4,            0.067457,            0.056843,            0.028616,             0.49946,             0.35609,              0.2969,            0.093609,            0.037926,            0.028615,            0.012108,            0.009802,            0.009802,            0.009802
                   5,             0.06154,            0.056773,            0.025918,             0.35656,             0.36686,             0.13642,            0.052164,            0.037298,            0.028418,            0.012117,            0.009802,            0.009802,            0.009802
                   6,            0.059608,            0.050863,             0.02442,             0.39588,              0.4594,             0.25565,            0.098939,            0.032729,            0.027222,            0.012708,           0.0097525,           0.0097525,           0.0097525
                   7,            0.057889,            0.053885,            0.022218,             0.50789,             0.43472,             0.29868,             0.11574,            0.025513,            0.026564,            0.011662,            0.009703,            0.009703,            0.009703
                   8,            0.051056,            0.051208,            0.020816,             0.54435,             0.42478,             0.38731,             0.16442,            0.031955,            0.025411,           0.0091779,           0.0096535,           0.0096535,           0.0096535
                   9,             0.05117,            0.051597,            0.018672,             0.47565,             0.58492,             0.42749,             0.18469,            0.027891,            0.024819,           0.0083499,            0.009604,            0.009604,            0.009604
                  10,            0.055153,             0.04889,            0.019102,              0.6493,             0.59692,             0.51773,             0.30734,            0.020617,             0.02242,           0.0072702,           0.0095545,           0.0095545,           0.0095545
                  11,             0.04933,             0.04772,            0.018471,             0.66011,             0.59808,             0.57927,             0.30799,            0.022194,            0.021362,           0.0069105,            0.009505,            0.009505,            0.009505
                  12,            0.046108,            0.045617,            0.018197,             0.80166,             0.58965,             0.68912,              0.4136,            0.016602,            0.019424,           0.0059068,           0.0094555,           0.0094555,           0.0094555
                  13,            0.047638,            0.044068,            0.015456,             0.83529,             0.61533,              0.6751,              0.2749,            0.025208,            0.020891,           0.0054578,            0.009406,            0.009406,            0.009406
                  14,            0.045511,            0.041384,            0.016334,             0.71019,             0.62957,             0.62263,             0.38486,            0.017424,            0.018715,           0.0051313,           0.0093565,           0.0093565,           0.0093565
                  15,            0.044236,             0.04256,            0.014192,             0.79616,             0.62321,             0.63311,             0.40301,             0.01685,            0.020666,           0.0053329,            0.009307,            0.009307,            0.009307
                  16,            0.042926,            0.041447,             0.01477,             0.91751,             0.60956,             0.69986,              0.3135,            0.020294,            0.021026,           0.0051125,           0.0092575,           0.0092575,           0.0092575
                  17,            0.044511,            0.041899,            0.014584,             0.49033,             0.75312,             0.65936,             0.40931,            0.019615,            0.020288,           0.0047068,            0.009208,            0.009208,            0.009208
                  18,            0.041843,            0.039966,            0.013265,             0.86912,             0.57872,             0.66425,             0.44371,            0.017935,            0.019268,           0.0046297,           0.0091585,           0.0091585,           0.0091585
                  19,            0.042696,             0.04129,            0.012977,             0.87817,             0.69181,             0.71878,             0.46643,            0.016675,            0.017638,           0.0042543,            0.009109,            0.009109,            0.009109
                  20,            0.037762,            0.039189,            0.012682,              0.8683,             0.63079,             0.71417,             0.49594,            0.015421,            0.017514,           0.0044283,           0.0090595,           0.0090595,           0.0090595
                  21,            0.038563,            0.038044,            0.012116,             0.84676,             0.65129,             0.71268,             0.46862,            0.017834,            0.017119,           0.0043114,             0.00901,             0.00901,             0.00901
                  22,            0.039027,            0.036025,           0.0099576,             0.86768,             0.61446,             0.71667,             0.44808,            0.019522,            0.019044,           0.0042024,           0.0089605,           0.0089605,           0.0089605
                  23,            0.036501,            0.038478,            0.011196,              0.8504,             0.63444,             0.69785,             0.46855,            0.018294,            0.018084,           0.0045193,            0.008911,            0.008911,            0.008911
                  24,             0.03498,             0.03694,            0.011425,             0.92173,              0.6466,             0.71778,              0.4227,            0.017272,            0.019731,           0.0040724,           0.0088615,           0.0088615,           0.0088615
                  25,            0.033582,            0.036169,            0.013895,             0.91687,             0.66265,              0.7363,             0.49188,            0.013015,            0.019411,           0.0039779,            0.008812,            0.008812,            0.008812
                  26,            0.035212,            0.036623,           0.0098853,             0.90199,             0.65439,             0.76571,             0.53338,             0.01667,             0.01847,           0.0037437,           0.0087625,           0.0087625,           0.0087625
                  27,            0.035362,            0.035953,            0.010173,             0.95419,             0.66303,             0.77257,             0.53129,            0.016576,             0.01711,           0.0036836,            0.008713,            0.008713,            0.008713
                  28,            0.033291,            0.034184,            0.010949,             0.93805,             0.64032,              0.7661,             0.54312,            0.013692,            0.017329,           0.0037391,           0.0086635,           0.0086635,           0.0086635
                  29,            0.034254,            0.034469,            0.011128,             0.92181,             0.62541,             0.76404,             0.49386,            0.017164,             0.01778,            0.003631,            0.008614,            0.008614,            0.008614
                  30,            0.033053,            0.033515,           0.0097059,             0.87189,             0.67852,             0.77115,             0.57256,            0.012962,            0.017266,           0.0034482,           0.0085645,           0.0085645,           0.0085645
                  31,            0.033511,            0.033441,            0.010789,             0.94513,             0.66664,              0.7714,             0.61551,            0.012639,            0.017221,           0.0032629,            0.008515,            0.008515,            0.008515
                  32,            0.032969,             0.03233,            0.010603,             0.96927,             0.67935,             0.78284,             0.55077,            0.013428,             0.01707,           0.0030725,           0.0084655,           0.0084655,           0.0084655
                  33,            0.029773,             0.03286,            0.009228,             0.96824,             0.71587,             0.80101,             0.55256,            0.012425,            0.018238,           0.0031174,            0.008416,            0.008416,            0.008416
                  34,            0.030852,            0.033398,            0.010167,             0.58219,             0.89598,             0.76863,             0.51628,            0.014732,            0.020637,           0.0032721,           0.0083665,           0.0083665,           0.0083665
                  35,            0.030156,            0.031238,           0.0096288,             0.95333,             0.70445,             0.81287,             0.47334,            0.013313,            0.016638,           0.0031369,            0.008317,            0.008317,            0.008317
                  36,            0.030794,            0.031355,            0.010963,             0.59949,             0.89618,             0.78132,             0.56491,            0.013188,            0.016813,           0.0030326,           0.0082675,           0.0082675,           0.0082675
                  37,            0.030891,            0.031258,           0.0096581,             0.95876,             0.67933,             0.78963,             0.57528,            0.012518,             0.01626,           0.0030188,            0.008218,            0.008218,            0.008218
                  38,             0.03155,            0.033167,           0.0094982,             0.93932,             0.68167,             0.77253,             0.59852,           0.0097914,            0.015857,           0.0030283,           0.0081685,           0.0081685,           0.0081685
                  39,            0.030023,            0.030328,           0.0084613,             0.57411,             0.92096,             0.79798,             0.57608,            0.013758,            0.016664,           0.0029263,            0.008119,            0.008119,            0.008119
                  40,             0.03029,             0.03263,           0.0084975,             0.96218,             0.67858,             0.80425,              0.5714,            0.010644,            0.015862,           0.0030833,           0.0080695,           0.0080695,           0.0080695
                  41,            0.026388,            0.028797,           0.0091921,             0.61453,             0.83268,             0.79192,             0.59606,            0.012757,            0.016147,           0.0032392,             0.00802,             0.00802,             0.00802
                  42,            0.030216,            0.031273,            0.010539,             0.61881,             0.90754,             0.82037,             0.60895,            0.012676,             0.01694,           0.0031941,           0.0079705,           0.0079705,           0.0079705
                  43,            0.029484,            0.032005,           0.0098852,             0.66289,             0.82475,             0.86467,             0.65996,            0.010427,            0.016516,           0.0030788,            0.007921,            0.007921,            0.007921
                  44,            0.028512,            0.031572,           0.0082219,             0.69323,              0.8116,             0.86621,             0.59261,            0.012749,            0.016495,           0.0031085,           0.0078715,           0.0078715,           0.0078715
                  45,            0.028051,            0.030185,           0.0075279,             0.70151,             0.82311,              0.8857,             0.66869,            0.012226,            0.015805,           0.0026865,            0.007822,            0.007822,            0.007822
                  46,            0.030575,             0.02939,           0.0072983,             0.69285,             0.84398,             0.86331,             0.65091,            0.013831,            0.018058,            0.002664,           0.0077725,           0.0077725,           0.0077725
                  47,            0.028438,                0.03,           0.0077782,             0.68595,             0.80552,             0.83167,             0.56626,            0.012984,            0.016355,           0.0027319,            0.007723,            0.007723,            0.007723
                  48,            0.028208,            0.029418,           0.0083881,             0.74361,             0.84731,             0.82445,             0.61636,            0.010891,            0.016778,           0.0026434,           0.0076735,           0.0076735,           0.0076735
                  49,            0.025538,            0.029961,           0.0081015,             0.78281,             0.86654,              0.8966,             0.67192,            0.010596,            0.017282,           0.0024492,            0.007624,            0.007624,            0.007624
                  50,            0.027608,            0.028859,            0.009205,             0.76801,             0.78417,             0.86208,             0.67776,            0.010538,            0.016652,           0.0025451,           0.0075745,           0.0075745,           0.0075745
                  51,            0.026709,             0.02875,           0.0080317,             0.80799,              0.8611,             0.91667,             0.73132,           0.0099856,            0.015956,           0.0025207,            0.007525,            0.007525,            0.007525
                  52,            0.028102,            0.028626,           0.0071618,             0.89194,             0.87706,             0.92729,             0.69953,            0.011474,            0.016829,           0.0023513,           0.0074755,           0.0074755,           0.0074755
                  53,             0.02643,             0.02847,           0.0071218,             0.86688,             0.90576,             0.94793,             0.72636,            0.012271,            0.017647,           0.0022042,            0.007426,            0.007426,            0.007426
                  54,            0.026306,            0.026732,           0.0075493,             0.92549,             0.86176,             0.94103,             0.70013,             0.01219,            0.015721,           0.0020946,           0.0073765,           0.0073765,           0.0073765
                  55,            0.027234,            0.030361,           0.0068434,             0.85747,             0.86104,             0.92863,              0.7489,           0.0089783,            0.014559,           0.0021441,            0.007327,            0.007327,            0.007327
                  56,            0.026043,            0.027494,           0.0072082,             0.91802,             0.86492,             0.92255,             0.72799,            0.011057,            0.015261,           0.0020712,           0.0072775,           0.0072775,           0.0072775
                  57,            0.026642,            0.027917,           0.0063167,              0.9132,             0.86379,             0.91468,             0.72416,            0.010473,              0.0151,           0.0021292,            0.007228,            0.007228,            0.007228
                  58,            0.027577,            0.028548,           0.0074499,             0.87813,             0.89955,             0.92639,             0.73783,            0.011132,            0.014695,            0.002276,           0.0071785,           0.0071785,           0.0071785
                  59,            0.027676,              0.0288,           0.0066667,             0.95844,             0.90514,             0.94322,             0.74259,           0.0088181,            0.014035,           0.0022934,            0.007129,            0.007129,            0.007129
                  60,            0.025219,               0.027,           0.0075042,             0.94344,             0.90806,             0.95145,             0.76254,            0.011186,            0.015098,           0.0021262,           0.0070795,           0.0070795,           0.0070795
                  61,            0.027472,            0.027804,           0.0065191,             0.93152,             0.91247,             0.95904,              0.7729,            0.009577,            0.016486,           0.0019524,             0.00703,             0.00703,             0.00703
                  62,            0.025166,            0.029879,           0.0058166,             0.94031,             0.88703,             0.96374,             0.77538,           0.0091066,             0.01458,           0.0017468,           0.0069805,           0.0069805,           0.0069805
                  63,            0.025707,            0.027145,           0.0055576,             0.94515,             0.88697,             0.96578,             0.76307,            0.010436,            0.015848,           0.0017555,            0.006931,            0.006931,            0.006931
                  64,            0.023785,            0.029233,           0.0057235,             0.89127,             0.93708,             0.94883,             0.73209,           0.0097356,            0.016378,           0.0017625,           0.0068815,           0.0068815,           0.0068815
                  65,            0.026254,            0.027755,            0.006668,             0.95742,             0.89031,              0.9384,             0.75781,           0.0091156,            0.015786,           0.0018421,            0.006832,            0.006832,            0.006832
                  66,            0.024556,            0.026194,           0.0056866,             0.94798,             0.89118,             0.93693,             0.68878,            0.010505,            0.014902,           0.0017271,           0.0067825,           0.0067825,           0.0067825
                  67,             0.02498,            0.025797,           0.0065588,             0.94725,             0.92787,             0.94923,             0.81288,           0.0085337,            0.014051,           0.0015671,            0.006733,            0.006733,            0.006733
                  68,            0.023693,            0.026982,           0.0065315,             0.94778,             0.94172,             0.97699,             0.81167,           0.0080326,            0.016234,           0.0015272,           0.0066835,           0.0066835,           0.0066835
                  69,             0.02301,            0.026184,           0.0053825,             0.96356,             0.94083,             0.98296,             0.83394,           0.0078047,            0.014374,           0.0015077,            0.006634,            0.006634,            0.006634
                  70,            0.022938,            0.027565,           0.0053019,             0.93358,             0.96872,              0.9839,              0.7761,            0.010721,            0.015328,           0.0014513,           0.0065845,           0.0065845,           0.0065845
                  71,            0.023371,            0.027677,           0.0055874,             0.96432,              0.9334,             0.97847,             0.73517,           0.0099325,            0.016535,           0.0013832,            0.006535,            0.006535,            0.006535
                  72,            0.024727,            0.028049,           0.0062801,             0.90306,             0.96536,             0.97033,             0.80901,           0.0072854,            0.015347,           0.0013422,           0.0064855,           0.0064855,           0.0064855
                  73,            0.023036,            0.028368,           0.0051705,             0.85386,             0.96761,             0.95344,             0.78611,           0.0088593,            0.015529,           0.0013328,            0.006436,            0.006436,            0.006436
                  74,            0.021521,            0.028154,             0.00491,             0.96505,             0.87207,             0.94792,             0.80265,            0.010198,            0.014415,           0.0012475,           0.0063865,           0.0063865,           0.0063865
                  75,            0.022987,            0.026043,           0.0050026,             0.97157,             0.88406,             0.94595,             0.78872,            0.009836,            0.014977,           0.0011529,            0.006337,            0.006337,            0.006337
                  76,            0.020611,            0.024327,            0.004156,             0.92814,             0.96016,             0.96254,             0.78222,            0.010691,            0.015077,           0.0011624,           0.0062875,           0.0062875,           0.0062875
                  77,              0.0236,            0.024766,           0.0039006,             0.96854,             0.89113,             0.96945,             0.78085,           0.0087142,             0.01457,           0.0011619,            0.006238,            0.006238,            0.006238
                  78,            0.021544,            0.026951,           0.0048976,             0.95867,              0.9621,             0.96618,             0.80473,           0.0087687,            0.013629,           0.0011119,           0.0061885,           0.0061885,           0.0061885
                  79,            0.022467,            0.024898,           0.0038348,             0.95807,             0.89594,             0.94962,             0.77928,           0.0082637,             0.01341,           0.0011949,            0.006139,            0.006139,            0.006139
                  80,            0.021477,            0.024094,           0.0045285,             0.94057,             0.94053,             0.95641,             0.80117,           0.0090655,            0.013594,           0.0011969,           0.0060895,           0.0060895,           0.0060895
                  81,            0.022759,            0.023683,           0.0039833,             0.91796,             0.94505,             0.97009,             0.78357,           0.0091507,             0.01474,           0.0012659,             0.00604,             0.00604,             0.00604
                  82,            0.022591,            0.027471,           0.0042881,             0.95192,              0.9441,             0.98701,               0.816,           0.0079057,            0.014626,           0.0012395,           0.0059905,           0.0059905,           0.0059905
                  83,            0.020795,             0.02398,           0.0055368,             0.95354,             0.92633,             0.98364,             0.79929,           0.0087596,            0.015569,           0.0012488,            0.005941,            0.005941,            0.005941
                  84,            0.023215,             0.02533,           0.0048621,             0.97002,             0.91862,             0.98024,             0.79399,           0.0077455,            0.015006,           0.0011904,           0.0058915,           0.0058915,           0.0058915
                  85,            0.021858,             0.02497,           0.0049893,             0.95209,             0.92703,             0.98198,             0.82122,           0.0094651,            0.015598,           0.0010981,            0.005842,            0.005842,            0.005842
                  86,            0.020572,            0.025056,           0.0042314,             0.99286,               0.936,             0.98829,             0.81044,           0.0080004,            0.013607,           0.0010255,           0.0057925,           0.0057925,           0.0057925
                  87,            0.021109,              0.0228,           0.0043149,             0.91078,             0.96912,             0.98074,             0.75365,            0.008913,            0.014337,          0.00099216,            0.005743,            0.005743,            0.005743
                  88,            0.022474,            0.024581,           0.0049131,             0.92542,             0.98998,             0.98387,             0.78939,           0.0087572,             0.01478,          0.00098193,           0.0056935,           0.0056935,           0.0056935
                  89,            0.021009,            0.024958,           0.0043082,             0.91917,             0.97174,             0.97701,             0.79958,           0.0073099,            0.016131,           0.0011435,            0.005644,            0.005644,            0.005644
                  90,            0.020798,            0.023914,           0.0036058,             0.96514,             0.90151,             0.97547,             0.82754,           0.0095228,              0.0157,           0.0013166,           0.0055945,           0.0055945,           0.0055945
                  91,            0.021764,            0.022731,           0.0042211,             0.92545,             0.92892,             0.97393,             0.80814,           0.0089831,            0.014074,           0.0014586,            0.005545,            0.005545,            0.005545
                  92,            0.021501,            0.024743,           0.0035903,             0.89533,             0.99275,             0.98353,             0.79811,           0.0083739,            0.014035,           0.0014667,           0.0054955,           0.0054955,           0.0054955
                  93,            0.020737,             0.02478,           0.0035028,             0.95637,             0.92557,             0.98364,             0.81806,           0.0075497,            0.013989,           0.0013245,            0.005446,            0.005446,            0.005446
                  94,            0.019659,            0.024517,           0.0042976,             0.95052,             0.93295,             0.98426,             0.81304,           0.0092272,            0.014235,            0.001006,           0.0053965,           0.0053965,           0.0053965
                  95,            0.020197,            0.023013,           0.0042706,             0.95879,              0.9332,             0.98108,             0.83999,           0.0080467,            0.014899,           0.0011129,            0.005347,            0.005347,            0.005347
                  96,            0.021535,            0.023538,           0.0046834,             0.91653,             0.98996,             0.97796,             0.85624,           0.0081609,            0.014939,           0.0011486,           0.0052975,           0.0052975,           0.0052975
                  97,            0.021025,            0.026144,           0.0051641,             0.92046,             0.99527,             0.97509,             0.83576,           0.0071071,            0.013438,           0.0010986,            0.005248,            0.005248,            0.005248
                  98,            0.020708,            0.024815,           0.0043035,             0.92884,             0.99387,             0.98625,             0.82021,           0.0074745,            0.018465,           0.0010192,           0.0051985,           0.0051985,           0.0051985
                  99,            0.020346,            0.024824,           0.0033507,             0.92211,             0.99629,             0.98218,             0.77425,           0.0076319,            0.016868,            0.001068,            0.005149,            0.005149,            0.005149
                 100,            0.020716,            0.024938,           0.0046193,             0.94397,              0.9237,             0.97654,             0.81826,           0.0073301,            0.014484,          0.00091561,           0.0050995,           0.0050995,           0.0050995
                 101,            0.020005,            0.023242,           0.0037249,             0.94751,             0.91682,             0.97485,             0.77467,            0.008935,            0.016885,          0.00097194,             0.00505,             0.00505,             0.00505
                 102,            0.018862,            0.022721,           0.0046647,             0.96515,              0.9195,             0.97289,             0.82071,            0.008314,            0.014985,          0.00086818,           0.0050005,           0.0050005,           0.0050005
                 103,            0.019107,             0.02294,            0.003876,             0.95889,             0.94157,             0.98353,             0.82605,           0.0078777,            0.014425,          0.00086529,            0.004951,            0.004951,            0.004951
                 104,            0.018783,            0.023754,           0.0042811,             0.92781,             0.99654,             0.98829,             0.84801,           0.0066929,            0.013359,          0.00083699,           0.0049015,           0.0049015,           0.0049015
                 105,            0.018762,            0.022719,           0.0037032,             0.92289,             0.99217,             0.98675,             0.82406,           0.0081547,            0.014982,          0.00078235,            0.004852,            0.004852,            0.004852
                 106,            0.020605,              0.0244,           0.0048697,             0.95707,             0.96304,             0.98332,             0.79331,           0.0087923,            0.014465,          0.00073875,           0.0048025,           0.0048025,           0.0048025
                 107,            0.019666,            0.023314,           0.0048486,             0.95494,             0.97845,             0.98803,             0.82963,           0.0079509,            0.015007,          0.00072485,            0.004753,            0.004753,            0.004753
                 108,            0.020962,            0.024323,            0.003422,             0.95802,             0.96929,             0.98636,             0.83833,           0.0071482,            0.013221,          0.00071091,           0.0047035,           0.0047035,           0.0047035
                 109,            0.019905,            0.024491,           0.0039978,             0.93774,             0.99266,             0.98719,             0.85359,           0.0069982,            0.013599,          0.00073887,            0.004654,            0.004654,            0.004654
                 110,            0.018263,            0.023095,           0.0041075,             0.96122,             0.98873,             0.99267,             0.77892,           0.0079235,            0.014048,          0.00075935,           0.0046045,           0.0046045,           0.0046045
                 111,            0.016465,            0.021746,           0.0035218,             0.95863,             0.99419,             0.99267,             0.84085,           0.0074031,            0.013848,          0.00076126,            0.004555,            0.004555,            0.004555
                 112,            0.018052,            0.021903,           0.0033664,             0.97408,             0.99279,             0.99375,             0.84679,           0.0073718,            0.014117,          0.00086144,           0.0045055,           0.0045055,           0.0045055
                 113,             0.01887,            0.023342,           0.0037315,             0.92257,             0.97675,             0.98004,             0.85997,           0.0074508,            0.013842,          0.00083721,            0.004456,            0.004456,            0.004456
                 114,            0.019743,            0.022458,           0.0034982,             0.95391,             0.95057,             0.98218,             0.82444,           0.0080169,            0.014776,          0.00078126,           0.0044065,           0.0044065,           0.0044065
                 115,            0.018177,            0.021622,           0.0025677,             0.98474,             0.96229,             0.98722,             0.85171,           0.0068903,            0.014043,           0.0007766,            0.004357,            0.004357,            0.004357
                 116,            0.017429,            0.021202,           0.0038437,             0.96229,               0.939,             0.97968,              0.8544,           0.0079807,            0.015226,          0.00074491,           0.0043075,           0.0043075,           0.0043075
                 117,            0.018493,            0.023047,           0.0040419,             0.97613,             0.89998,             0.96333,             0.83908,           0.0068138,            0.015601,          0.00076779,            0.004258,            0.004258,            0.004258
                 118,            0.019087,             0.02317,           0.0046208,              0.9892,             0.91389,             0.97832,             0.83668,           0.0071606,            0.016661,          0.00078928,           0.0042085,           0.0042085,           0.0042085
                 119,            0.018706,            0.022117,           0.0035327,             0.96462,             0.95647,             0.98223,             0.85784,           0.0065588,            0.017037,          0.00073612,            0.004159,            0.004159,            0.004159
                 120,            0.018945,            0.022135,           0.0031065,             0.95839,             0.93749,             0.97556,             0.88058,           0.0072575,            0.014216,          0.00065841,           0.0041095,           0.0041095,           0.0041095
                 121,            0.017606,            0.020151,           0.0035428,             0.98003,             0.93849,             0.98325,             0.86217,           0.0065547,            0.014241,          0.00064992,             0.00406,             0.00406,             0.00406
                 122,            0.019361,            0.021376,           0.0027302,              0.9157,             0.97391,             0.98361,             0.84917,           0.0064762,             0.01388,          0.00067916,           0.0040105,           0.0040105,           0.0040105
                 123,            0.018613,            0.021615,           0.0027089,             0.92408,             0.99728,             0.98938,             0.84652,            0.007444,            0.014552,          0.00058807,            0.003961,            0.003961,            0.003961
                 124,            0.019411,            0.022848,            0.002696,             0.91237,             0.97738,             0.98365,             0.84946,           0.0072784,            0.014307,          0.00055271,           0.0039115,           0.0039115,           0.0039115
                 125,            0.018939,            0.022415,           0.0033788,             0.96235,             0.92786,             0.98497,             0.85751,           0.0070252,            0.012807,          0.00057883,            0.003862,            0.003862,            0.003862
                 126,            0.017682,            0.021139,           0.0035241,             0.96556,              0.9199,             0.97463,             0.83912,           0.0068721,            0.012547,           0.0005719,           0.0038125,           0.0038125,           0.0038125
                 127,            0.016781,            0.020641,           0.0042465,             0.96473,             0.92441,             0.98086,             0.84767,           0.0066527,             0.01337,          0.00058558,            0.003763,            0.003763,            0.003763
                 128,            0.016251,            0.021913,           0.0027665,             0.96367,             0.92102,             0.98157,             0.85104,           0.0068551,            0.014746,          0.00057917,           0.0037135,           0.0037135,           0.0037135
                 129,            0.015944,            0.020933,            0.003524,             0.94291,             0.97209,             0.98208,             0.83712,           0.0060394,            0.013316,          0.00057914,            0.003664,            0.003664,            0.003664
                 130,            0.017852,            0.020763,           0.0030735,             0.91287,               0.975,             0.97657,             0.85013,           0.0076706,            0.015871,          0.00058124,           0.0036145,           0.0036145,           0.0036145
                 131,            0.018781,            0.020814,           0.0039107,             0.92368,              0.9768,             0.97969,             0.82827,           0.0080357,            0.016453,          0.00056623,            0.003565,            0.003565,            0.003565
                 132,            0.017598,            0.021447,           0.0029664,              0.9216,               0.964,             0.98053,             0.85749,           0.0062164,            0.013766,          0.00054651,           0.0035155,           0.0035155,           0.0035155
                 133,            0.017538,            0.022708,           0.0028322,             0.94102,             0.94838,             0.98269,             0.85702,           0.0066718,             0.01432,           0.0005247,            0.003466,            0.003466,            0.003466
                 134,            0.017754,            0.020357,           0.0030849,              0.9727,             0.94948,              0.9845,               0.845,            0.006467,            0.014185,          0.00050057,           0.0034165,           0.0034165,           0.0034165
                 135,            0.016923,            0.020867,           0.0026555,             0.96055,             0.92058,             0.97814,             0.84989,           0.0070055,            0.014329,          0.00049254,            0.003367,            0.003367,            0.003367
                 136,            0.016003,            0.021059,           0.0048616,             0.93999,              0.9288,             0.97968,             0.86589,           0.0067016,            0.016232,          0.00047883,           0.0033175,           0.0033175,           0.0033175
                 137,            0.016952,            0.019799,           0.0026424,             0.93814,             0.92695,              0.9824,             0.84671,           0.0068199,            0.017069,          0.00049635,            0.003268,            0.003268,            0.003268
                 138,            0.017356,            0.020364,           0.0039392,             0.88842,             0.99111,             0.98086,             0.84469,           0.0070654,            0.015845,          0.00057564,           0.0032185,           0.0032185,           0.0032185
                 139,            0.017074,            0.021345,           0.0027075,             0.93657,             0.92687,             0.98086,             0.85696,           0.0070821,            0.014334,          0.00054943,            0.003169,            0.003169,            0.003169
                 140,            0.015584,             0.02126,           0.0027343,             0.94957,             0.94687,             0.98446,             0.85866,           0.0067559,            0.013666,          0.00059139,           0.0031195,           0.0031195,           0.0031195
                 141,            0.016862,            0.020906,           0.0036398,              0.9685,             0.92064,              0.9799,             0.84562,            0.006374,             0.01378,          0.00063253,             0.00307,             0.00307,             0.00307
                 142,            0.016363,            0.020383,           0.0033155,             0.94066,             0.90491,             0.96822,             0.83491,           0.0068013,            0.014421,          0.00070837,           0.0030205,           0.0030205,           0.0030205
                 143,            0.015207,            0.019931,           0.0033673,             0.98328,             0.89875,             0.97336,             0.85034,           0.0068171,            0.014118,          0.00063869,            0.002971,            0.002971,            0.002971
                 144,            0.015915,            0.018923,           0.0031834,             0.98099,              0.9306,             0.98098,             0.84717,           0.0065794,            0.013808,          0.00066237,           0.0029215,           0.0029215,           0.0029215
                 145,            0.015665,              0.0213,           0.0026145,             0.97204,             0.90889,              0.9816,             0.85647,            0.006474,            0.013031,          0.00055435,            0.002872,            0.002872,            0.002872
                 146,            0.015391,             0.02056,           0.0040815,             0.95166,             0.94696,             0.98016,             0.85177,           0.0066192,            0.013059,          0.00054133,           0.0028225,           0.0028225,           0.0028225
                 147,            0.015416,            0.021037,           0.0030413,             0.93795,             0.94809,             0.97655,             0.85746,           0.0072905,            0.013525,          0.00055566,            0.002773,            0.002773,            0.002773
                 148,            0.015741,              0.0201,           0.0023759,              0.9614,             0.93092,             0.97846,             0.84155,           0.0070274,            0.014624,          0.00054738,           0.0027235,           0.0027235,           0.0027235
                 149,            0.015555,            0.021313,           0.0025824,             0.96178,             0.90969,             0.97607,             0.85352,           0.0067395,            0.013615,          0.00056196,            0.002674,            0.002674,            0.002674
                 150,            0.014465,             0.01969,           0.0021655,             0.98546,              0.9339,             0.98325,             0.84407,           0.0065602,            0.012601,          0.00054147,           0.0026245,           0.0026245,           0.0026245
                 151,            0.016838,             0.02035,           0.0040142,             0.96373,              0.9069,             0.98074,              0.8669,           0.0058488,            0.012112,          0.00051901,            0.002575,            0.002575,            0.002575
                 152,            0.013607,            0.019689,           0.0023371,             0.95888,             0.97601,             0.98574,             0.85951,           0.0064746,            0.013018,          0.00051142,           0.0025255,           0.0025255,           0.0025255
                 153,            0.014653,             0.01828,           0.0029518,              0.9252,             0.97655,             0.97969,             0.85291,           0.0056896,            0.013142,           0.0005438,            0.002476,            0.002476,            0.002476
                 154,            0.016528,            0.020567,           0.0025883,             0.92839,             0.97602,             0.98138,             0.86024,           0.0058489,            0.012973,          0.00055108,           0.0024265,           0.0024265,           0.0024265
                 155,            0.015081,            0.019104,           0.0021122,              0.9271,             0.97754,             0.98208,             0.87671,           0.0059913,            0.013196,          0.00051958,            0.002377,            0.002377,            0.002377
                 156,            0.014438,            0.019765,           0.0026886,             0.97266,             0.97097,             0.98646,             0.87008,           0.0059529,            0.014429,          0.00050448,           0.0023275,           0.0023275,           0.0023275
                 157,            0.016057,            0.020102,           0.0039659,             0.95526,             0.93582,             0.97644,             0.85948,           0.0059025,            0.015002,          0.00051709,            0.002278,            0.002278,            0.002278
                 158,            0.015015,              0.0194,           0.0034458,             0.95036,             0.93485,             0.97952,             0.87774,           0.0059151,            0.014157,           0.0005203,           0.0022285,           0.0022285,           0.0022285
                 159,            0.015155,            0.019211,           0.0036597,             0.93356,             0.93435,             0.97968,              0.8791,           0.0056189,            0.013149,          0.00055118,            0.002179,            0.002179,            0.002179
                 160,            0.015554,            0.019226,           0.0019647,             0.95833,             0.90352,             0.98063,             0.87279,           0.0055081,            0.013113,          0.00056313,           0.0021295,           0.0021295,           0.0021295
                 161,            0.014462,            0.019561,           0.0028345,             0.96377,             0.89819,             0.98182,             0.86954,           0.0055442,            0.013708,           0.0005479,             0.00208,             0.00208,             0.00208
                 162,            0.014944,            0.019012,           0.0024863,             0.92429,             0.98322,             0.98597,             0.87196,           0.0055868,            0.013498,          0.00054517,           0.0020305,           0.0020305,           0.0020305
                 163,            0.014578,            0.019358,           0.0021762,             0.98434,             0.91858,             0.98325,              0.8615,           0.0059523,            0.013737,          0.00048979,            0.001981,            0.001981,            0.001981
                 164,            0.014719,            0.019337,           0.0033535,              0.9876,             0.92166,             0.98217,             0.87549,           0.0057428,            0.013632,           0.0004408,           0.0019315,           0.0019315,           0.0019315
                 165,            0.014125,            0.019001,           0.0036072,             0.98915,             0.92412,             0.98829,             0.88458,           0.0057177,            0.015187,          0.00041147,            0.001882,            0.001882,            0.001882
                 166,            0.012844,            0.019603,           0.0023485,             0.98045,             0.97396,             0.99267,             0.87801,           0.0055286,            0.013317,          0.00038865,           0.0018325,           0.0018325,           0.0018325
                 167,            0.013519,            0.018743,            0.002481,             0.98314,             0.97283,             0.99172,             0.88193,           0.0055072,            0.015325,          0.00037471,            0.001783,            0.001783,            0.001783
                 168,            0.013645,            0.019336,           0.0019094,             0.98359,             0.96995,             0.99172,             0.87957,            0.005372,            0.015537,          0.00037013,           0.0017335,           0.0017335,           0.0017335
                 169,            0.014528,            0.018965,           0.0027144,             0.98901,             0.96555,             0.99172,             0.88944,           0.0054399,            0.014553,          0.00037147,            0.001684,            0.001684,            0.001684
                 170,            0.013891,            0.018566,           0.0023102,             0.97098,             0.98886,             0.99375,             0.89642,            0.005685,             0.01462,            0.000366,           0.0016345,           0.0016345,           0.0016345
                 171,            0.013399,            0.018635,           0.0024439,             0.97878,             0.99104,             0.99375,             0.88388,           0.0054425,            0.014322,           0.0003602,            0.001585,            0.001585,            0.001585
                 172,            0.014037,            0.019041,           0.0035164,             0.97339,             0.99007,             0.99375,             0.88104,           0.0054007,             0.01458,          0.00034734,           0.0015355,           0.0015355,           0.0015355
                 173,            0.012727,            0.019207,           0.0026127,             0.96717,             0.99229,             0.99375,             0.88044,           0.0056102,             0.01335,          0.00034478,            0.001486,            0.001486,            0.001486
                 174,            0.013903,            0.019302,           0.0021273,             0.97641,             0.98498,             0.99375,             0.88362,           0.0055322,            0.012466,          0.00034631,           0.0014365,           0.0014365,           0.0014365
                 175,            0.013428,            0.018367,           0.0040642,             0.92652,             0.99672,             0.98938,             0.87258,            0.005696,            0.012386,          0.00036287,            0.001387,            0.001387,            0.001387
                 176,            0.012842,            0.018334,           0.0023273,             0.91687,             0.97142,             0.98198,             0.87164,           0.0057055,            0.013005,          0.00037803,           0.0013375,           0.0013375,           0.0013375
                 177,            0.012897,            0.018876,           0.0015518,             0.94722,             0.98624,             0.98938,             0.88028,           0.0056895,            0.013614,          0.00038884,            0.001288,            0.001288,            0.001288
                 178,            0.013226,            0.016563,           0.0014578,             0.92833,             0.96901,             0.98282,             0.87618,           0.0057361,            0.013404,          0.00039186,           0.0012385,           0.0012385,           0.0012385
                 179,            0.013466,             0.01918,           0.0018996,             0.88692,             0.99298,             0.97796,             0.87796,           0.0058789,            0.012887,          0.00039022,            0.001189,            0.001189,            0.001189
                 180,            0.013456,            0.018722,           0.0029694,             0.93607,             0.95176,             0.98454,             0.87779,           0.0056347,            0.012919,          0.00037702,           0.0011395,           0.0011395,           0.0011395
                 181,            0.013275,            0.017561,           0.0021057,             0.94466,             0.94333,             0.98454,             0.87865,           0.0056004,            0.013364,          0.00037083,             0.00109,             0.00109,             0.00109
                 182,            0.013095,            0.018147,           0.0022717,             0.89178,             0.99383,             0.97664,              0.8793,           0.0057067,            0.014379,          0.00038369,           0.0010405,           0.0010405,           0.0010405
                 183,            0.012769,            0.017247,           0.0022123,             0.89936,             0.99409,             0.98454,             0.87093,           0.0056559,            0.014095,          0.00038492,            0.000991,            0.000991,            0.000991
                 184,            0.013331,            0.018794,           0.0024709,             0.95024,             0.93884,             0.98454,             0.87557,           0.0055976,            0.013893,          0.00036547,           0.0009415,           0.0009415,           0.0009415
                 185,            0.012526,            0.017465,           0.0018518,             0.96562,             0.89824,             0.97733,             0.87224,           0.0056027,             0.01439,          0.00035278,            0.000892,            0.000892,            0.000892
                 186,             0.01332,             0.01738,           0.0029083,              0.9666,             0.90223,             0.97879,             0.87359,           0.0055155,            0.014275,          0.00034983,           0.0008425,           0.0008425,           0.0008425
                 187,            0.012427,            0.017878,           0.0018764,             0.98816,             0.92149,             0.98597,             0.87536,           0.0055146,            0.013487,          0.00035552,            0.000793,            0.000793,            0.000793
                 188,            0.013787,             0.01897,           0.0020769,             0.98768,             0.92248,             0.98597,             0.87024,           0.0055216,            0.013938,          0.00034674,           0.0007435,           0.0007435,           0.0007435
                 189,             0.01258,             0.01777,           0.0020288,             0.98737,             0.92158,             0.98597,             0.86802,           0.0055225,              0.0137,          0.00034222,            0.000694,            0.000694,            0.000694
                 190,            0.011611,            0.016814,           0.0017245,             0.94162,             0.99192,             0.98938,              0.8761,           0.0054878,            0.013545,          0.00032172,           0.0006445,           0.0006445,           0.0006445
                 191,            0.013196,            0.017042,           0.0020116,             0.94722,             0.99515,             0.98938,             0.87737,           0.0053971,            0.013717,          0.00031537,            0.000595,            0.000595,            0.000595
                 192,            0.012392,            0.017541,           0.0018545,             0.94288,             0.99206,             0.98938,             0.88549,           0.0053689,            0.014218,          0.00030788,           0.0005455,           0.0005455,           0.0005455
                 193,            0.012784,            0.018832,           0.0020184,             0.94382,             0.98315,             0.98795,              0.8794,           0.0053645,            0.014146,          0.00030501,            0.000496,            0.000496,            0.000496
                 194,            0.012173,            0.017126,           0.0018529,             0.92824,             0.99118,             0.98675,             0.88444,           0.0052996,            0.013437,          0.00029652,           0.0004465,           0.0004465,           0.0004465
                 195,            0.012226,            0.017425,           0.0018607,             0.93453,             0.98676,             0.98795,             0.88417,           0.0053625,            0.012986,          0.00028589,            0.000397,            0.000397,            0.000397
                 196,            0.012399,            0.018515,           0.0016384,             0.93013,             0.99509,             0.98675,             0.88413,           0.0054164,            0.013275,          0.00028794,           0.0003475,           0.0003475,           0.0003475
                 197,            0.012291,            0.017702,           0.0017077,             0.92962,             0.99649,             0.98675,              0.8884,           0.0053507,            0.013161,          0.00028478,            0.000298,            0.000298,            0.000298
                 198,            0.012006,            0.016795,           0.0017385,             0.92872,             0.99632,             0.98675,             0.88062,           0.0053153,            0.013033,           0.0002808,           0.0002485,           0.0002485,           0.0002485
                 199,            0.011538,             0.01686,            0.002692,             0.92934,             0.99578,             0.98675,             0.88382,           0.0053207,            0.013062,          0.00028398,            0.000199,            0.000199,            0.000199
